metrics:	ochiai	ochiai2	tarantula	barinel	opt	dstar	yaya	fo1	fo2	fo3	fo4	fo5	fo6	fo7	fo8	fo9	fo10	fo11	fo12	fo13	fo14	fo15	fo16	fo17	fo18	fo19	fo20	fo21	fo22	
Compress-19	1	1	1	1	1	C	C	C	1	C	C	1	C	1	1	C	C	C	C	C	C	C	C	1	1	C	C	C	C	
Compress-20	C	C	C	C	C	C	C	C	C	C	C	C	C	C	C	0	0	0	C	0	C	0	C	C	C	C	C	0	0	
Compress-21	C	C	C	C	C	C	C	C	C	C	C	C	C	C	C	0	C	0	C	0	C	0	C	C	C	C	C	C	0	
Compress-22	C	C	C	C	C	C	C	C	C	C	C	C	C	C	C	C	C	C	C	C	C	C	C	C	C	C	C	C	C	
JxPath-19	0	0	0	0	0	0	0	0	0	0	0	0	0	0	0	0	0	0	0	0	0	0	0	0	0	0	0	0	0	
JxPath-20	0	0	0	0	0	0	0	0	0	0	0	0	0	0	0	0	0	0	0	0	0	0	0	0	0	0	0	0	0	
JxPath-21	0	0	0	0	0	0	0	0	0	0	0	0	0	0	0	0	0	0	0	0	0	0	0	0	0	0	0	0	0	
JxPath-22	0	0	0	0	0	0	0	0	0	0	0	0	0	0	0	0	0	0	0	0	0	0	0	0	0	0	0	0	0	
