JacksonDatabind-81	C	C	C	C	C	C	C	C	C	C	C	C	C	C	C	C	C	C	C	C	C	C	C	C	C	C	C	C	C	
JacksonDatabind-82	C	C	C	C	C	C	C	0	C	C	0	C	0	C	C	0	0	C	C	C	C	C	C	C	C	C	C	0	0	
JacksonDatabind-83	0	0	0	0	0	C	0	0	0	0	0	0	0	0	0	0	0	0	0	0	0	C	0	0	0	0	0	0	0	
JacksonDatabind-84	0	0	0	0	0	0	0	0	0	0	0	0	0	0	0	0	0	0	0	0	0	C	0	0	0	0	0	0	0	
JacksonDatabind-85	0	0	0	0	0	0	0	0	0	0	0	0	0	0	0	0	0	0	0	0	0	0	0	0	0	0	0	0	0	
JacksonDatabind-86	0	0	0	0	0	0	0	0	0	0	0	0	0	0	0	0	0	0	0	0	0	C	0	0	0	0	0	0	0	
JacksonDatabind-87	0	0	0	C	0	0	0	0	C	C	0	C	0	0	C	0	0	0	0	0	0	0	C	C	C	0	C	0	0	
JacksonDatabind-88	0	0	C	C	0	0	0	0	0	0	0	0	0	C	C	0	0	0	0	0	0	0	0	0	0	0	0	0	0	
JacksonDatabind-89	C	C	C	C	C	C	C	0	C	C	0	C	0	C	C	0	0	C	C	C	C	C	C	C	C	C	C	0	0	
JacksonDatabind-90	0	0	0	0	0	0	C	0	0	0	0	0	0	0	0	0	0	C	0	C	C	0	0	0	0	C	0	0	0	
JacksonDatabind-91	C	C	0	0	C	0	C	0	C	C	0	C	0	0	0	0	0	C	0	C	C	C	C	C	C	0	C	0	0	
JacksonDatabind-92	C	C	C	C	0	C	C	0	C	C	0	C	0	C	C	C	0	C	C	C	0	C	C	C	C	0	C	0	C	
JacksonDatabind-93	0	0	0	0	0	C	0	0	0	0	0	0	0	0	0	0	0	0	0	0	0	0	0	0	0	0	0	0	0	
JacksonDatabind-94	0	0	0	0	0	C	0	0	0	0	0	0	0	0	0	0	0	0	0	0	0	0	0	0	0	0	0	0	0	
JacksonDatabind-95	C	C	35	37	C	15	C	C	C	C	C	C	C	C	C	C	C	C	C	C	C	C	C	C	C	C	C	C	C	
