metrics:	ochiai	ochiai2	tarantula	barinel	opt	dstar	yaya	fo1	fo2	fo3	fo4	fo5	fo6	fo7	fo8	fo9	fo10	fo11	fo12	fo13	fo14	fo15	fo16	fo17	fo18	fo19	fo20	fo21	fo22	
Compress-36	323	307	1	1	373	366	344	C	352	0	C	373	C	34	1	C	C	C	C	C	C	C	C	355	373	C	C	C	C	
Compress-37	C	C	C	C	C	C	C	C	C	C	C	C	C	C	C	C	C	C	C	C	C	C	C	C	C	C	C	C	C	
Compress-38	9	4	1	1	42	42	2	C	42	C	C	42	C	1	1	C	C	C	C	C	C	15	C	42	42	C	C	C	C	
Compress-39	C	C	C	C	C	C	C	145	C	496	145	C	145	C	C	C	C	C	145	C	C	C	C	C	C	C	C	C	C	
Compress-40	C	C	C	C	C	C	C	1	C	C	1	C	1	C	C	1	C	1	1	1	C	1	1	C	C	C	1	C	1	
Compress-41	0	0	C	C	0	0	0	C	0	0	C	0	C	C	0	C	0	C	C	C	0	C	C	0	0	0	C	0	C	
Compress-42	0	0	0	0	0	0	0	0	0	0	0	0	0	0	0	0	0	0	0	0	0	0	0	0	0	0	0	0	0	
Compress-43	C	C	C	C	C	C	C	C	C	C	C	C	C	C	C	C	C	C	C	C	C	C	C	C	C	C	C	C	C	
Compress-44	1	0	1	1	1	1	1	C	1	1	C	1	C	1	1	C	1	1	C	1	1	C	C	1	1	1	C	1	C	
Compress-45	1	1	1	1	1	C	C	C	1	C	C	1	C	1	1	C	C	C	C	C	C	C	C	1	1	C	C	C	C	
Compress-46	C	C	C	C	C	C	C	7	C	7	7	C	7	C	C	C	C	C	7	C	C	C	C	C	C	C	C	C	C	
Compress-47	1	1	1	1	1	1	1	C	1	C	C	1	C	C	1	C	C	C	C	C	C	C	C	C	1	C	C	C	C	
