metrics:	ochiai	ochiai2	tarantula	barinel	opt	dstar	yaya	fo1	fo2	fo3	fo4	fo5	fo6	fo7	fo8	fo9	fo10	fo11	fo12	fo13	fo14	fo15	fo16	fo17	fo18	fo19	fo20	fo21	fo22	
Compress-23	C	C	C	C	C	C	C	C	C	C	C	C	C	0	C	0	0	0	C	0	C	0	0	0	C	C	0	0	0	
Compress-24	1	1	1	1	35	1	1	C	7	C	C	35	C	1	1	C	C	C	C	C	C	C	C	7	35	C	C	C	C	
Compress-25	C	C	C	C	C	C	C	C	C	C	C	C	C	C	C	C	C	C	C	C	C	C	C	C	C	C	C	C	C	
Compress-26	C	C	C	C	C	C	C	C	C	C	C	C	C	C	C	C	C	C	C	C	C	C	C	C	C	C	C	C	C	
Compress-27	1	1	1	1	35	1	1	C	7	C	C	35	C	1	1	C	C	C	C	C	C	C	C	7	35	C	C	C	C	
Compress-28	C	C	C	C	C	C	C	C	C	C	C	C	C	C	C	C	C	C	C	C	C	C	C	C	C	C	C	C	C	
Compress-29	C	C	C	C	C	C	C	C	C	C	C	C	C	C	C	C	C	C	C	C	C	0	C	C	C	C	C	C	C	
Compress-30	C	C	C	C	C	C	C	C	C	C	C	C	C	C	C	C	C	C	C	C	C	C	C	C	C	C	C	C	C	
Compress-31	1	1	1	1	35	1	1	C	1	1	C	35	C	1	C	C	C	C	1	C	C	C	C	1	35	C	C	C	C	
Compress-32	1	1	1	1	40	1	1	C	1	C	C	40	C	1	1	C	C	C	C	C	C	C	C	1	40	C	C	C	C	
Compress-33	C	C	C	C	C	C	C	C	C	C	C	C	C	C	C	C	C	C	C	C	C	C	C	C	C	C	C	C	C	
Compress-34	C	C	C	C	C	C	C	C	C	C	C	C	C	C	C	C	C	C	C	C	C	C	C	C	C	C	C	C	C	
Compress-35	C	C	C	C	C	C	C	0	C	0	0	C	0	C	C	C	C	C	0	C	C	C	C	C	C	C	C	C	C	
