JacksonDatabind-65	0	0	493	392	0	0	0	0	0	0	0	0	0	493	415	C	0	0	0	0	0	0	0	0	0	0	0	0	0	
JacksonDatabind-66	0	0	0	0	0	0	0	0	0	0	0	0	0	0	0	C	0	0	0	0	0	0	0	0	0	0	0	0	C	
JacksonDatabind-67	C	C	C	C	0	C	C	0	C	C	0	C	0	C	C	C	0	C	0	C	C	C	C	C	C	C	C	0	C	
JacksonDatabind-68	C	C	C	C	0	C	C	0	0	0	0	0	0	C	C	0	0	0	C	0	0	0	0	0	0	0	0	0	0	
JacksonDatabind-69	0	0	0	0	0	0	461	0	0	0	0	0	0	0	0	0	0	C	0	C	0	C	0	0	0	0	0	0	0	
JacksonDatabind-70	C	C	C	C	0	C	C	0	0	0	0	0	0	C	C	0	0	0	0	0	0	0	0	0	0	0	0	0	0	
JacksonDatabind-71	0	0	0	0	0	0	0	0	0	0	0	0	0	0	0	0	0	0	0	0	0	0	0	0	0	0	0	0	0	
JacksonDatabind-72	0	0	0	0	0	0	0	0	0	0	0	0	0	0	0	0	0	0	0	0	0	0	0	0	0	0	0	0	0	
JacksonDatabind-73	C	C	C	C	C	C	C	0	0	0	0	0	0	C	C	C	C	C	0	C	C	C	0	0	0	C	0	C	C	
JacksonDatabind-74	0	0	0	0	0	0	0	0	0	0	0	0	0	0	0	0	0	0	0	0	0	0	0	0	0	0	0	0	0	
JacksonDatabind-75	0	0	C	C	0	0	0	0	0	0	0	0	0	C	C	0	0	0	0	0	0	C	0	0	0	0	0	0	0	
JacksonDatabind-76	C	C	C	C	0	0	C	0	0	0	0	0	0	C	C	0	0	0	C	0	0	0	0	0	0	0	0	0	0	
JacksonDatabind-77	C	C	C	C	0	C	C	0	C	C	0	C	0	C	C	C	0	C	C	C	0	C	C	C	C	0	C	0	C	
JacksonDatabind-78	C	C	C	C	391	C	C	0	450	449	0	449	0	C	C	0	0	C	C	C	C	C	C	449	449	C	C	0	0	
JacksonDatabind-79	C	C	C	C	C	C	C	C	C	C	C	C	C	C	C	C	C	C	C	C	C	C	C	C	C	C	C	C	C	
JacksonDatabind-80	0	0	C	C	C	0	0	0	C	C	0	C	0	0	0	0	C	0	0	0	0	C	C	C	C	0	C	C	0	
