JacksonDatabind-21	C	C	C	C	C	C	C	C	C	C	C	C	C	C	C	C	C	C	C	C	C	C	C	C	C	C	C	C	C	
JacksonDatabind-22	0	0	C	C	C	0	C	0	C	C	0	C	0	C	C	C	0	C	0	C	0	C	0	C	C	0	0	0	C	
JacksonDatabind-23	0	0	0	0	C	0	0	0	C	C	0	C	0	C	0	0	0	0	0	0	0	0	0	C	C	0	0	C	0	
JacksonDatabind-24	C	C	C	C	C	C	0	C	C	C	C	C	C	C	C	0	C	0	C	0	C	C	C	C	C	C	C	C	0	
JacksonDatabind-25	C	C	C	C	C	C	C	0	C	C	0	C	0	C	C	C	C	C	0	C	C	C	C	C	C	0	C	C	C	
JacksonDatabind-26	C	C	0	0	0	C	C	0	0	0	0	0	0	0	0	C	0	0	0	0	0	C	0	0	0	0	0	0	C	
JacksonDatabind-27	C	C	C	C	0	C	C	0	0	0	0	0	0	0	C	C	0	0	C	0	0	C	0	0	0	0	0	0	C	
JacksonDatabind-28	0	0	C	C	0	0	0	0	0	0	0	0	0	0	0	0	0	0	0	0	0	C	0	0	0	0	0	0	0	
JacksonDatabind-29	C	C	C	C	0	0	0	0	0	0	0	0	0	0	C	0	0	0	0	0	0	0	0	0	0	0	0	0	0	
JacksonDatabind-30	C	C	C	C	C	C	C	C	C	C	C	C	C	C	C	C	C	C	C	C	0	C	C	C	C	0	C	C	C	
JacksonDatabind-31	266	233	41	41	0	0	C	0	0	0	0	0	0	0	28	0	0	0	0	0	0	0	0	0	0	0	0	0	0	
JacksonDatabind-32	0	0	0	0	0	0	0	0	0	0	0	0	0	0	0	C	0	0	0	0	0	0	0	0	0	0	0	0	0	
JacksonDatabind-33	C	C	C	C	C	C	C	C	C	C	C	C	C	C	C	C	C	C	C	C	C	C	C	C	C	C	C	C	C	
JacksonDatabind-34	C	C	C	C	0	0	0	0	0	0	0	0	0	0	C	0	0	0	0	0	0	0	0	0	0	0	0	0	0	
JacksonDatabind-35	362	326	51	51	0	0	0	0	0	0	0	0	0	0	46	0	0	0	0	0	0	0	0	0	0	0	0	0	0	
JacksonDatabind-36	194	186	17	17	C	0	0	C	C	C	C	C	C	C	4	0	C	0	C	0	0	0	C	C	C	0	C	C	0	
JacksonDatabind-37	0	0	0	0	C	0	0	C	C	C	C	C	C	C	C	0	C	C	C	C	0	C	0	C	C	0	0	C	0	
JacksonDatabind-38	C	C	C	C	0	0	0	0	0	0	0	0	0	0	C	0	0	0	0	0	0	0	0	0	0	0	0	0	0	
JacksonDatabind-39	0	0	0	C	0	0	0	0	0	0	0	0	0	0	0	0	0	0	0	0	0	0	0	0	0	0	0	0	0	
JacksonDatabind-40	0	0	0	0	0	0	0	0	0	0	0	0	0	0	0	C	0	0	0	0	0	C	0	0	0	0	0	0	C	
JacksonDatabind-41	179	179	17	17	C	0	C	C	C	C	C	C	C	C	4	C	C	C	C	C	C	C	C	C	C	C	C	C	C	
JacksonDatabind-42	C	C	C	C	0	C	0	0	0	0	0	0	0	0	C	0	0	0	0	0	0	0	0	0	0	C	0	0	0	
JacksonDatabind-43	C	C	C	0	0	0	C	0	0	0	0	0	0	0	0	0	0	0	0	0	0	0	0	0	0	0	0	0	0	
JacksonDatabind-44	0	0	0	0	C	0	0	C	C	C	C	C	C	C	C	0	C	C	C	C	0	C	C	C	C	0	C	C	0	
JacksonDatabind-45	0	0	103	95	0	0	0	0	0	0	0	0	0	0	95	0	0	0	0	0	0	0	0	0	0	0	0	0	0	
JacksonDatabind-46	278	260	71	71	0	0	0	0	0	0	0	0	0	0	58	0	0	0	0	0	0	0	0	0	0	0	0	0	0	
JacksonDatabind-47	71	71	5	5	C	C	0	C	C	C	C	C	C	C	34	C	C	C	5	C	C	0	C	C	C	C	C	C	C	
JacksonDatabind-48	C	C	C	C	C	0	C	0	C	C	0	C	0	C	C	0	C	C	0	C	C	C	C	C	C	C	C	C	0	
JacksonDatabind-49	0	0	0	0	0	0	0	0	0	0	0	0	0	0	0	0	0	0	0	0	0	0	0	0	0	0	0	0	0	
JacksonDatabind-50	C	C	C	C	0	C	C	0	0	0	0	0	0	C	C	C	0	0	C	0	0	C	0	0	0	0	0	0	C	
