JacksonDatabind-21	
JacksonDatabind-22	
JacksonDatabind-23	
JacksonDatabind-24	
JacksonDatabind-25	
JacksonDatabind-26	
JacksonDatabind-27	
JacksonDatabind-28	
JacksonDatabind-29	
JacksonDatabind-30	
JacksonDatabind-31	
JacksonDatabind-32	
JacksonDatabind-33	
JacksonDatabind-34	
JacksonDatabind-35	
JacksonDatabind-36	
JacksonDatabind-37	
JacksonDatabind-38	
JacksonDatabind-39	
JacksonDatabind-40	
JacksonDatabind-41	
JacksonDatabind-42	
JacksonDatabind-43	
JacksonDatabind-44	
JacksonDatabind-45	
JacksonDatabind-46	
JacksonDatabind-47	
JacksonDatabind-48	
JacksonDatabind-49	
JacksonDatabind-50	
JacksonDatabind-21	
JacksonDatabind-22	
JacksonDatabind-23	
JacksonDatabind-24	
JacksonDatabind-25	
JacksonDatabind-26	
JacksonDatabind-27	
JacksonDatabind-28	
JacksonDatabind-29	
JacksonDatabind-30	
JacksonDatabind-31	
JacksonDatabind-32	
JacksonDatabind-33	
JacksonDatabind-34	
JacksonDatabind-35	
JacksonDatabind-36	
JacksonDatabind-37	
JacksonDatabind-38	
JacksonDatabind-39	
JacksonDatabind-40	
JacksonDatabind-41	
JacksonDatabind-42	
JacksonDatabind-43	
JacksonDatabind-44	
JacksonDatabind-45	
JacksonDatabind-46	
JacksonDatabind-47	
JacksonDatabind-48	
JacksonDatabind-49	
JacksonDatabind-50	
JacksonDatabind-51	0	0	C	C	0	0	0	0	0	0	0	0	0	C	C	0	0	0	0	0	0	0	0	0	0	0	0	0	0	
JacksonDatabind-52	C	C	C	C	0	C	C	0	0	0	0	0	0	C	C	0	0	0	0	0	0	C	0	0	0	0	0	0	0	
JacksonDatabind-53	0	0	C	C	C	0	C	C	C	C	C	C	C	C	C	C	C	C	C	C	C	0	C	C	C	C	C	C	C	
JacksonDatabind-54	0	0	C	C	0	0	0	0	0	0	0	0	0	C	C	C	0	0	0	0	0	0	0	0	0	0	0	0	C	
JacksonDatabind-55	0	0	0	0	0	0	0	0	0	0	0	0	0	0	0	0	0	0	0	0	0	C	0	0	0	0	0	0	0	
JacksonDatabind-56	C	0	C	C	0	C	0	0	0	0	0	0	0	0	0	0	0	0	0	0	0	0	0	0	0	0	0	0	0	
JacksonDatabind-57	C	C	C	C	0	0	0	0	0	0	0	0	0	0	C	0	0	0	C	0	0	0	0	0	0	0	0	0	0	
JacksonDatabind-58	C	C	C	C	0	C	C	0	C	C	0	C	0	C	C	C	0	C	0	C	0	C	C	C	C	0	C	0	C	
JacksonDatabind-59	0	0	0	0	C	0	0	C	C	C	C	C	C	0	0	C	C	C	C	C	C	0	C	C	C	C	C	C	C	
JacksonDatabind-60	C	C	C	C	0	0	0	0	0	0	0	0	0	C	C	0	0	0	C	0	0	0	0	0	0	0	0	0	0	
JacksonDatabind-61	0	C	C	C	C	0	0	C	C	C	C	C	C	C	C	C	0	C	C	C	0	C	C	C	C	0	C	0	C	
JacksonDatabind-62	C	C	C	C	0	0	C	0	0	0	0	0	0	0	C	0	0	0	C	0	0	0	0	0	0	0	0	0	0	
JacksonDatabind-63	C	C	C	C	0	C	C	0	C	0	0	0	0	C	C	0	0	0	0	0	0	0	0	0	0	0	0	0	0	
JacksonDatabind-64	0	0	0	0	0	0	0	0	0	0	0	0	0	0	0	0	0	0	0	0	0	0	0	0	0	0	0	0	0	
JacksonDatabind-51	0	0	C	C	0	0	0	0	0	0	0	0	0	C	C	0	0	0	0	0	0	0	0	0	0	0	0	0	0	
JacksonDatabind-52	C	C	C	C	0	C	C	0	0	0	0	0	0	C	C	0	0	0	0	0	0	C	0	0	0	0	0	0	0	
JacksonDatabind-53	0	0	C	C	C	0	C	C	C	C	C	C	C	C	C	C	C	C	C	C	C	0	C	C	C	C	C	C	C	
JacksonDatabind-54	0	0	C	C	0	0	0	0	0	0	0	0	0	C	C	C	0	0	0	0	0	0	0	0	0	0	0	0	C	
JacksonDatabind-55	0	0	0	0	0	0	0	0	0	0	0	0	0	0	0	0	0	0	0	0	0	C	0	0	0	0	0	0	0	
JacksonDatabind-56	C	0	C	C	0	C	0	0	0	0	0	0	0	0	0	0	0	0	0	0	0	0	0	0	0	0	0	0	0	
JacksonDatabind-57	C	C	C	C	0	0	0	0	0	0	0	0	0	0	C	0	0	0	C	0	0	0	0	0	0	0	0	0	0	
JacksonDatabind-58	C	C	C	C	0	C	C	0	C	C	0	C	0	C	C	C	0	C	0	C	0	C	C	C	C	0	C	0	C	
JacksonDatabind-59	0	0	0	0	C	0	0	C	C	C	C	C	C	0	0	C	C	C	C	C	C	0	C	C	C	C	C	C	C	
JacksonDatabind-60	C	C	C	C	0	0	0	0	0	0	0	0	0	C	C	0	0	0	C	0	0	0	0	0	0	0	0	0	0	
JacksonDatabind-61	0	C	C	C	C	0	0	C	C	C	C	C	C	C	C	C	0	C	C	C	0	C	C	C	C	0	C	0	C	
JacksonDatabind-62	C	C	C	C	0	0	C	0	0	0	0	0	0	0	C	0	0	0	C	0	0	0	0	0	0	0	0	0	0	
JacksonDatabind-63	C	C	C	C	0	C	C	0	C	0	0	0	0	C	C	0	0	0	0	0	0	0	0	0	0	0	0	0	0	
JacksonDatabind-64	0	0	0	0	0	0	0	0	0	0	0	0	0	0	0	0	0	0	0	0	0	0	0	0	0	0	0	0	0	
JacksonDatabind-51	0	0	C	C	0	0	0	0	0	0	0	0	0	C	C	0	0	0	0	0	0	0	0	0	0	0	0	0	0	
JacksonDatabind-52	C	C	C	C	0	C	C	0	0	0	0	0	0	C	C	0	0	0	0	0	0	C	0	0	0	0	0	0	0	
JacksonDatabind-53	0	0	C	C	C	0	C	C	C	C	C	C	C	C	C	C	C	C	C	C	C	0	C	C	C	C	C	C	C	
JacksonDatabind-54	0	0	C	C	0	0	0	0	0	0	0	0	0	C	C	C	0	0	0	0	0	0	0	0	0	0	0	0	C	
JacksonDatabind-55	0	0	0	0	0	0	0	0	0	0	0	0	0	0	0	0	0	0	0	0	0	C	0	0	0	0	0	0	0	
JacksonDatabind-56	C	0	C	C	0	C	0	0	0	0	0	0	0	0	0	0	0	0	0	0	0	0	0	0	0	0	0	0	0	
JacksonDatabind-57	C	C	C	C	0	0	0	0	0	0	0	0	0	0	C	0	0	0	C	0	0	0	0	0	0	0	0	0	0	
JacksonDatabind-58	C	C	C	C	0	C	C	0	C	C	0	C	0	C	C	C	0	C	0	C	0	C	C	C	C	0	C	0	C	
JacksonDatabind-59	0	0	0	0	C	0	0	C	C	C	C	C	C	0	0	C	C	C	C	C	C	0	C	C	C	C	C	C	C	
JacksonDatabind-60	C	C	C	C	0	0	0	0	0	0	0	0	0	C	C	0	0	0	C	0	0	0	0	0	0	0	0	0	0	
JacksonDatabind-61	0	C	C	C	C	0	0	C	C	C	C	C	C	C	C	C	0	C	C	C	0	C	C	C	C	0	C	0	C	
JacksonDatabind-62	C	C	C	C	0	0	C	0	0	0	0	0	0	0	C	0	0	0	C	0	0	0	0	0	0	0	0	0	0	
JacksonDatabind-63	C	C	C	C	0	C	C	0	C	0	0	0	0	C	C	0	0	0	0	0	0	0	0	0	0	0	0	0	0	
JacksonDatabind-64	0	0	0	0	0	0	0	0	0	0	0	0	0	0	0	0	0	0	0	0	0	0	0	0	0	0	0	0	0	
