metrics:	ochiai	ochiai2	tarantula	barinel	opt	dstar	yaya	fo1	fo2	fo3	fo4	fo5	fo6	fo7	fo8	fo9	fo10	fo11	fo12	fo13	fo14	fo15	fo16	fo17	fo18	fo19	fo20	fo21	fo22	
JacksonDatabind-1	C	C	C	C	0	0	C	0	0	0	0	0	0	C	C	C	0	0	0	0	0	C	0	0	0	0	0	0	C	
JacksonDatabind-2	C	C	C	C	0	0	C	0	0	0	0	0	0	C	C	0	0	0	C	0	0	0	0	0	0	0	0	0	0	
JacksonDatabind-3	251	230	25	25	0	0	0	0	0	0	0	0	0	36	21	0	0	0	0	0	0	0	0	0	0	0	0	0	0	
JacksonDatabind-4	C	C	C	C	0	0	0	0	0	0	0	0	0	C	C	0	0	0	0	0	0	0	0	0	0	0	0	0	0	
JacksonDatabind-5	0	0	C	C	C	C	0	C	C	C	C	C	C	C	C	C	C	C	C	C	C	C	C	C	C	C	C	C	C	
JacksonDatabind-6	C	C	C	C	C	0	0	C	C	C	C	C	C	C	C	0	0	0	C	0	0	0	C	C	C	0	C	0	0	
JacksonDatabind-7	C	C	C	C	0	0	C	0	0	0	0	0	0	C	C	0	0	0	C	0	0	0	0	0	0	0	0	0	0	
JacksonDatabind-8	0	0	C	C	0	C	0	0	0	0	0	0	0	0	C	0	0	C	0	C	C	0	0	0	0	C	0	0	0	
JacksonDatabind-9	0	0	0	0	0	0	0	0	0	0	0	0	0	0	0	0	0	0	0	0	0	0	0	0	0	0	0	0	0	
JacksonDatabind-10	0	0	0	0	0	0	0	0	0	0	0	0	0	0	0	0	0	0	0	0	0	0	0	0	0	0	0	0	0	
JacksonDatabind-11	C	C	0	0	C	C	C	C	C	C	C	C	C	C	C	C	C	0	C	0	C	C	C	C	C	C	C	C	C	
JacksonDatabind-12	0	0	C	C	0	0	0	0	0	0	0	0	0	0	0	C	0	0	0	0	0	C	0	0	0	0	0	0	C	
JacksonDatabind-13	99	99	C	C	C	102	105	0	C	C	0	C	0	C	C	C	0	0	0	0	C	C	C	C	C	0	C	0	C	
JacksonDatabind-14	C	C	C	C	0	0	C	0	0	0	0	0	0	0	C	0	0	0	0	0	0	0	0	0	0	0	0	0	0	
JacksonDatabind-15	C	C	C	C	C	C	0	C	C	C	C	C	C	C	C	C	C	C	C	C	C	0	C	C	C	C	C	C	C	
JacksonDatabind-16	C	0	0	0	0	C	0	0	0	0	0	0	0	0	0	C	0	C	0	C	C	C	0	0	0	C	0	0	0	
JacksonDatabind-17	C	C	C	C	C	C	C	C	C	C	C	C	C	C	C	C	0	C	C	C	C	C	C	C	C	C	C	C	C	
JacksonDatabind-18	C	C	C	C	0	0	C	0	0	0	0	0	0	0	C	0	0	0	C	0	0	0	0	0	0	0	0	0	0	
JacksonDatabind-19	C	C	0	0	C	C	C	C	C	C	C	C	C	C	C	C	C	0	C	0	C	C	C	C	C	C	C	C	0	
JacksonDatabind-20	0	0	0	0	0	0	0	0	0	0	0	0	0	0	0	0	0	0	0	0	0	C	0	0	0	0	0	0	0	
