metrics:	ochiai	ochiai2	tarantula	barinel	opt	dstar	meco	sgf_1	sgf_2	fo1	fo2	fo3	fo4	fo5	fo6	fo7	fo8	fo9	fo10	fo12	fo13	fo14	fo15	fo16	fo17	fo19	fo20	fo21	fo22	
Lang-1	3	3	3	3	3	3	3	3	3	1697	2	1443	1544	24	1717	1697	2	1699	285	1443	285	35	34	1443	29	35	34	185	285	
Lang-2	0	0	0	0	0	0	0	0	0	0	0	0	0	0	0	0	0	0	0	0	0	0	0	0	0	0	0	0	0	
Lang-3	12	12	12	12	5	12	12	12	12	512	12	1032	1032	41	512	512	12	205	199	1032	199	45	52	1032	940	45	52	154	199	
Lang-4	2	2	2	2	2	2	2	2	2	50	8	49	51	12	41	50	8	20	2	49	2	2	2	49	32	2	2	2	2	
Lang-5	6	6	6	6	6	6	6	6	6	74	10	74	74	2	77	74	10	65	5	74	5	5	5	74	12	5	5	5	5	
Lang-6	98	98	98	98	99	98	98	98	98	2785	99	2768	2769	33	2750	2785	99	52	50	2768	50	34	33	2768	2768	34	33	50	50	
Lang-7	29	29	29	29	29	21	21	29	29	1659	18	1007	1475	128	1757	30	18	1778	449	1007	449	155	155	1007	29	155	155	283	449	
Lang-8	C-5.0	C-5.0	C-5.0	C-5.0	C-5.0	C-4.0	C-4.0	C-5.0	C-5.0	C-1.0	C-5.0	C-3.0	C-1.0	C-1.0	C-1.0	C-3.0	C-5.0	C-4.0	C-5.0	C-1.0	C-5.0	C-5.0	C-5.0	C-1.0	C-5.0	C-5.0	C-5.0	C-5.0	C-7.0	
Lang-9	40	53	53	53	38	40	147	40	86	622	60	323	359	18	608	622	60	383	311	342	323	38	163	353	279	38	163	306	337	
Lang-10	68	68	68	68	60	68	82	68	68	623	75	377	448	13	561	623	75	181	38	373	38	38	153	386	343	38	153	38	114	
Lang-11	C-1.0	C-1.0	C-1.0	C-1.0	C-1.0	C-1.0	C-1.0	C-1.0	C-1.0	C-1.0	C-1.0	C-1.0	C-1.0	C-1.0	C-1.0	C-1.0	C-1.0	C-1.0	C-1.0	C-1.0	C-1.0	C-1.0	C-1.0	C-1.0	C-1.0	C-1.0	C-1.0	C-1.0	C-1.0	
Lang-12	6	6	6	8	5	5	5	5	6	45	6	5	45	5	46	5	14	47	4	45	4	45	9	45	5	4	10	4	46	
Lang-13	C-1.0	C-1.0	C-1.0	C-1.0	C-1.0	C-2.0	C-2.0	C-1.0	C-1.0	C-1.0	C-1.0	C-1.0	C-1.0	C-1.0	C-1.0	C-1.0	C-1.0	C-1.0	C-1.0	C-1.0	C-1.0	C-1.0	C-1.0	C-1.0	C-1.0	C-1.0	C-1.0	C-1.0	C-1.0	
Lang-14	4	4	4	4	4	4	4	4	4	1310	3	1295	1302	5	1310	1310	3	29	13	1295	13	4	1	1295	1285	4	1	12	13	
Lang-15	45	45	68	68	5	9	9	45	5	1818	42	162	1551	138	1971	1823	75	2051	538	1452	648	330	299	1448	5	310	298	440	671	
Lang-16	43	43	43	43	43	43	43	43	43	1727	45	1334	1496	100	1784	1728	45	1754	466	1334	466	68	77	1334	43	69	77	304	466	
Lang-17	86	86	86	86	86	86	86	86	86	370	113	1217	1197	12	370	370	113	2	5	1217	5	5	3	1217	1216	5	3	5	5	
Lang-18	175	175	175	175	175	164	164	175	175	406	176	406	406	3	238	404	176	98	98	406	98	99	98	406	406	98	98	98	98	
Lang-19	8	8	7	7	6	8	7	8	6	34	17	28	14	4	34	40	17	27	4	15	15	4	3	16	20	4	4	4	23	
Lang-20	7	7	7	7	26	7	7	7	7	1249	33	714	1082	27	1242	33	14	1205	192	695	168	5	6	695	27	20	9	140	168	
Lang-21	C-1.0	C-1.0	C-1.0	C-1.0	C-1.0	C-1.0	C-1.0	C-1.0	C-1.0	C-1.0	C-1.0	C-1.0	C-1.0	C-1.0	C-1.0	C-1.0	C-1.0	C-1.0	C-1.0	C-1.0	C-1.0	C-1.0	C-1.0	C-1.0	C-1.0	C-1.0	C-1.0	C-1.0	C-1.0	
Lang-22	26	31	35	35	14	26	35	26	14	259	47	234	259	15	244	259	52	213	1	259	1	1	17	259	48	1	22	1	26	
Lang-23	C-1.0	C-1.0	C-1.0	C-1.0	C-1.0	C-1.0	C-1.0	C-1.0	C-1.0	C-1.0	C-1.0	C-1.0	C-1.0	C-1.0	C-1.0	C-1.0	C-1.0	C-27.0	C-26.0	C-1.0	C-26.0	C-5.0	C-5.0	C-1.0	C-1.0	C-5.0	C-5.0	C-24.0	C-26.0	
Lang-24	29	29	29	29	29	1037	1037	29	29	1455	57	8	1195	125	1560	29	57	1565	1569	26	1569	1565	97	26	29	123	97	392	1503	
Lang-25	C-1.0	C-1.0	C-1.0	C-1.0	C-1.0	C-1.0	C-1.0	C-1.0	C-1.0	C-1.0	C-1.0	C-1.0	C-1.0	C-1.0	C-1.0	C-1.0	C-1.0	C-1.0	C-1.0	C-1.0	C-1.0	C-1.0	C-1.0	C-1.0	C-1.0	C-1.0	C-1.0	C-1.0	C-1.0	
Lang-26	9	9	9	9	9	5	5	9	9	429	128	429	429	37	334	429	128	17	1	429	1	1	2	429	412	1	2	1	1	
Lang-27	28	28	28	28	28	21	21	28	28	1529	13	904	1364	147	1614	31	13	1706	828	904	828	1701	197	904	28	199	197	369	828	
Lang-28	3	3	3	3	3	3	3	3	3	27	4	9	11	21	50	27	4	54	45	9	45	27	29	9	4	27	29	43	45	
Lang-29	C-1.0	C-1.0	C-1.0	C-1.0	C-1.0	C-1.0	C-1.0	C-1.0	C-1.0	C-1.0	C-1.0	C-1.0	C-1.0	C-1.0	C-1.0	C-1.0	C-1.0	C-1.0	C-1.0	C-1.0	C-1.0	C-1.0	C-1.0	C-1.0	C-1.0	C-1.0	C-1.0	C-1.0	C-1.0	
Lang-30	3	3	4	9	27	3	5	3	8	202	3	3	1648	27	202	5	9	251	51	1312	148	24	2	1313	3	28	4	28	138	
Lang-31	4	4	6	6	4	4	4	4	4	2170	3	1329	2113	26	2186	2170	9	2187	146	2017	183	26	26	2054	4	26	29	86	870	
Lang-32	4	4	4	4	4	3	3	4	4	1146	15	1101	1113	21	1192	1146	15	1	1	1101	1	1	1	1101	1085	1	1	1	1	
Lang-33	7	7	7	7	7	902	902	7	7	1274	2	18	986	38	1310	7	2	1324	1329	3	1329	1327	53	3	7	52	53	342	1323	
Lang-34	62	61	146	221	5	53	61	62	53	754	152	100	753	189	842	753	161	790	136	753	135	135	293	753	99	135	302	136	788	
Lang-35	2	2	2	2	2	643	268	2	2	623	2	28	25	16	623	2	2	939	956	15	956	325	26	15	2	26	26	186	950	
Lang-36	60	60	128	128	60	24	30	60	60	1506	53	60	1471	82	1615	60	107	1601	274	927	733	1601	147	1386	59	154	222	189	1600	
Lang-37	6	6	6	6	6	6	6	6	6	945	21	833	898	2	949	945	21	927	113	833	113	6	6	833	20	6	6	58	113	
Lang-38	3	3	3	3	3	394	394	3	3	350	3	75	251	105	454	3	3	507	458	29	458	507	160	29	3	160	160	259	479	
Lang-39	29	29	29	29	35	27	27	29	29	1088	8	634	972	25	1083	29	8	1098	484	634	484	1098	2	634	35	27	2	150	484	
Lang-40	2	2	2	2	2	2	2	2	2	1081	1	583	956	2	1082	2	1	1083	501	583	501	1083	3	583	2	4	3	127	501	
Lang-41	6	6	6	6	40	6	6	6	6	211	41	167	185	41	211	244	41	7	7	167	7	7	2	167	148	7	7	7	7	
Lang-42	92	92	13	13	92	92	16	92	92	430	92	421	394	117	455	430	92	169	167	342	167	129	53	342	128	129	53	151	86	
Lang-43	
Lang-44	20	20	20	20	21	20	20	20	20	185	17	176	184	20	185	185	17	184	28	176	28	20	4	176	21	20	4	20	28	
Lang-45	C-1.0	C-1.0	C-1.0	C-1.0	C-1.0	C-3.0	C-3.0	C-1.0	C-1.0	C-1.0	C-1.0	C-1.0	C-2.0	C-1.0	C-1.0	C-1.0	C-1.0	C-8.0	C-8.0	C-1.0	C-8.0	C-2.0	C-3.0	C-1.0	C-1.0	C-3.0	C-3.0	C-8.0	C-8.0	
Lang-46	1	1	1	1	1	1	1	1	1	130	2	111	111	1	130	1	2	108	42	111	42	15	4	111	1	15	4	27	42	
Lang-47	5	5	5	5	33	5	5	5	13	979	2	519	598	33	976	979	2	983	431	518	431	32	34	518	5	32	34	396	430	
Lang-48	141	142	141	141	226	194	141	194	196	77	195	226	226	194	77	79	195	1	1	226	1	146	126	226	226	194	85	2	1	
Lang-49	1	1	1	1	1	179	179	1	1	216	1	1	133	1	239	1	1	258	257	3	257	257	46	3	1	45	46	127	255	
Lang-50	28	28	27	27	151	35	35	28	48	247	117	189	173	140	236	29	13	274	256	17	255	291	152	17	138	158	26	224	144	
Lang-51	C-1.0	C-1.0	C-1.0	C-1.0	C-1.0	C-1.0	C-1.0	C-1.0	C-1.0	C-1.0	C-1.0	C-1.0	C-1.0	C-1.0	C-1.0	C-1.0	C-1.0	C-1.0	C-1.0	C-1.0	C-1.0	C-1.0	C-1.0	C-1.0	C-1.0	C-1.0	C-1.0	C-1.0	C-1.0	
Lang-52	C-1.0	C-1.0	C-1.0	C-1.0	C-1.0	C-1.0	C-1.0	C-1.0	C-1.0	C-1.0	C-1.0	C-1.0	C-1.0	C-1.0	C-1.0	C-1.0	C-1.0	C-5.0	C-5.0	C-1.0	C-5.0	C-1.0	C-1.0	C-1.0	C-1.0	C-1.0	C-1.0	C-5.0	C-5.0	
Lang-53	62	58	62	62	201	94	62	94	93	53	95	171	165	94	53	56	95	7	36	171	36	150	146	171	201	94	79	42	36	
Lang-54	4	4	4	4	4	4	4	4	4	68	11	67	68	9	59	68	11	67	9	67	9	10	9	67	11	10	9	10	9	
Lang-55	7	7	7	7	7	7	7	7	7	54	18	54	54	5	40	54	18	38	4	54	4	4	4	54	18	4	4	4	4	
Lang-56	C-6.0	C-6.0	C-6.0	C-6.0	C-6.0	C-6.0	C-6.0	C-6.0	C-6.0	C-1.0	C-6.0	C-1.0	C-1.0	C-1.0	C-1.0	C-1.0	C-6.0	C-11.0	C-7.0	C-1.0	C-7.0	C-5.0	C-5.0	C-1.0	C-2.0	C-5.0	C-5.0	C-5.0	C-7.0	
Lang-57	6	6	6	6	6	126	126	6	6	191	2	6	191	6	191	6	2	191	6	120	130	191	1	191	6	6	1	6	191	
Lang-58	C-1.0	C-1.0	C-1.0	C-1.0	C-1.0	C-1.0	C-1.0	C-1.0	C-1.0	C-1.0	C-1.0	C-1.0	C-1.0	C-1.0	C-1.0	C-1.0	C-1.0	C-2.0	C-2.0	C-1.0	C-2.0	C-2.0	C-2.0	C-1.0	C-1.0	C-2.0	C-2.0	C-2.0	C-2.0	
Lang-59	6	6	6	6	6	6	6	6	6	903	6	485	554	12	907	903	6	914	426	485	426	9	7	485	6	9	7	356	426	
Lang-60	2	2	2	2	2	2	2	2	2	89	1	384	546	36	89	2	1	312	324	384	324	915	63	384	2	62	63	343	324	
Lang-61	14	14	14	14	6	6	6	14	8	924	19	579	678	36	956	925	19	931	315	624	343	42	49	658	36	47	49	293	388	
Lang-62	139	136	139	139	106	109	139	109	98	5	114	83	4	113	5	15	114	85	181	4	181	158	150	4	90	108	174	185	100	
Lang-63	1	1	1	1	1	14	14	1	1	1031	3	1	751	1	1086	1	3	1089	339	2	339	58	60	2	1	58	60	227	339	
Lang-64	1	1	1	1	1	1	1	1	1	1150	1	1	1110	1	1173	1150	1	1191	98	964	228	42	42	1094	1	42	42	82	1191	
Lang-65	13	6	13	13	6	13	13	13	6	186	16	166	186	2	186	186	16	56	6	166	6	2	10	166	117	2	10	2	6	
Chart-1	35	35	35	35	35	34	34	35	35	6461	33	4874	5305	410	6849	6461	33	2261	2180	4874	2180	595	599	4874	4797	595	599	1752	2180	
Chart-2	68	68	52	52	136	66	66	68	118	490	69	918	907	103	490	310	69	358	358	919	359	106	83	909	826	109	82	352	357	
Chart-3	4	4	4	4	4	4	4	4	4	703	5	405	459	95	790	703	5	833	435	405	435	139	137	405	8	139	137	381	435	
Chart-4	51	53	150	487	17	48	15	53	17	24297	51	20	24390	412	24798	24270	124	24990	620	22088	2922	740	2252	24388	20	713	2325	620	24990	
Chart-5	8	8	8	8	8	8	8	8	8	241	5	146	160	40	268	241	5	212	138	146	138	45	45	146	72	45	45	124	138	
Chart-6	46	57	80	92	7	46	92	46	7	642	42	639	639	31	665	644	42	36	36	639	36	35	86	639	639	35	86	36	36	
Chart-7	14	14	14	14	16	14	14	14	14	370	21	279	289	117	470	370	21	175	163	279	163	71	70	279	264	71	70	149	163	
Chart-8	1	1	1	1	1	1	1	1	1	162	3	144	151	28	174	162	3	191	64	144	64	47	45	144	16	46	45	58	64	
Chart-9	4	4	4	4	4	4	4	4	4	765	12	458	556	135	893	4	12	949	485	458	485	937	182	458	3	185	182	386	485	
Chart-10	3	3	3	3	3	3	3	3	3	3	3	3	3	3	3	3	3	3	3	3	3	3	3	3	3	3	3	3	3	
Chart-11	14	15	14	14	15	14	14	14	15	184	6	154	154	15	183	183	6	50	49	154	49	15	4	154	148	14	4	49	49	
Chart-12	17	17	17	17	17	16	16	17	17	3819	22	2443	2500	352	4152	3820	22	2980	1897	2443	1897	520	522	2443	1368	520	522	1841	1897	
Chart-13	C-1.0	C-1.0	C-1.0	C-1.0	C-1.0	C-1.0	C-1.0	C-1.0	C-1.0	C-1.0	C-1.0	C-1.0	C-1.0	C-1.0	C-1.0	C-1.0	C-1.0	C-28.0	C-27.0	C-1.0	C-27.0	C-14.0	C-14.0	C-1.0	C-1.0	C-14.0	C-14.0	C-26.0	C-27.0	
Chart-14	8	8	14	14	475	10	22	8	479	5796	9	1061	2612	504	5825	8	9	6293	5238	537	5238	6293	502	537	8	497	502	3683	5763	
Chart-15	31	31	31	31	31	29	29	31	31	1410	30	5441	5416	757	1410	1434	30	5800	5792	5441	5792	1092	1091	5441	31	1091	1091	5079	5792	
Chart-16	1	1	2	2	1	1	1	1	1	253	1	1	165	1	259	1	2	262	43	24	87	295	43	24	1	31	14	38	243	
Chart-17	2	2	2	2	2	2	2	2	2	976	2	596	678	71	1043	976	2	1071	477	596	477	97	97	596	2	97	97	395	477	
Chart-18	3	3	1	1	3	1	1	3	3	309	7	3	205	17	352	3	5	379	122	50	355	379	78	172	3	68	82	113	379	
Chart-19	1	1	1	1	700	1	2	1	667	3766	1	1	1746	714	3782	1	1	4489	3739	375	3739	4491	726	375	1	727	726	2749	4109	
Chart-20	5	5	5	5	5	5	5	5	5	445	6	430	430	52	490	445	6	89	89	430	89	73	71	430	430	73	71	89	89	
Chart-21	8	8	8	8	8	4	4	8	8	469	8	194	330	89	529	8	8	590	398	194	398	590	126	194	5	123	126	262	398	
Chart-22	6	6	5	5	53	21	8	6	27	134	5	42	64	55	165	6	9	167	93	25	120	75	74	24	54	55	35	69	118	
Chart-23	C-1.0	C-1.0	C-1.0	C-1.0	C-1.0	C-1.0	C-1.0	C-1.0	C-1.0	C-1.0	C-1.0	C-1.0	C-1.0	C-1.0	C-1.0	C-1.0	C-1.0	C-147.0	C-144.0	C-1.0	C-144.0	C-30.0	C-30.0	C-1.0	C-1.0	C-30.0	C-30.0	C-142.0	C-144.0	
Chart-24	3	3	3	3	3	21	21	3	3	16	3	3	17	9	19	3	3	22	21	4	21	22	11	4	3	9	11	10	24	
Chart-25	32	30	4	4	2977	92	1908	32	2980	7493	32	107	5721	3212	7732	30	3	10604	5445	2189	6246	10738	3275	5021	161	3268	3185	4987	10654	
Chart-26	134	134	442	620	134	133	133	134	134	18457	134	134	18811	1258	20093	134	625	20387	1710	13163	7358	20387	4963	18811	134	2063	5454	1710	20387	
Time-1	2	2	2	2	2	1	1	2	2	2901	2	1377	1664	693	3592	2901	2	1558	1556	1377	1556	1038	1039	1377	1149	1038	1039	1553	1556	
Time-2	2	2	2	2	2	2	2	2	2	909	3	2157	2163	1169	909	911	3	2048	2045	2157	2045	1713	1713	2157	1697	1713	1713	2041	2045	
Time-3	1	1	1	1	1	1	1	1	1	3498	1	1	1000	1	3500	3498	1	4075	2758	1000	3239	1844	1845	1000	1	1842	1843	2660	4076	
Time-4	20	20	20	20	20	17	17	20	20	5780	19	4011	4057	1202	6961	5780	19	3542	3495	4011	3495	1725	1726	4011	3968	1724	1726	3449	3495	
Time-5	2	2	2	2	2	2	2	2	2	711	2	892	1728	706	711	712	2	2496	2220	1753	2365	1100	1246	1752	2	1086	1246	2132	2522	
Time-6	C-4.0	C-4.0	C-5.0	C-5.0	C-4.0	C-3.0	C-2.0	C-4.0	C-4.0	C-1.0	C-4.0	C-3.0	C-1.0	C-1.0	C-1.0	C-5.0	C-5.0	C-129.0	C-121.0	C-1.0	C-122.0	C-72.0	C-11.0	C-1.0	C-2.0	C-72.0	C-11.0	C-117.0	C-127.0	
Time-7	13	13	13	13	13	6	6	13	13	5385	13	3916	4102	1416	6809	5385	13	3702	3506	3967	3559	2139	2147	4021	3819	2138	2147	3422	3605	
Time-8	29	29	29	29	29	28	28	29	29	2370	26	1310	1310	328	2370	2374	26	1539	1541	1310	1541	493	492	1310	1310	493	492	1538	1541	
Time-9	3	3	3	3	3	2	2	3	3	3099	3	1330	1567	329	3423	3099	3	1524	1523	1330	1523	488	488	1330	1151	488	488	1520	1523	
Time-10	13	8	12	12	8	8	8	13	8	5951	3	3158	3841	1141	7127	5935	14	5294	4049	3559	4137	1762	1797	3650	2403	1749	1808	3858	4540	
Time-11	11	11	11	11	11	2	2	11	11	3604	11	1729	1920	922	4513	3604	11	4425	3258	1729	3258	1383	1383	1729	562	1383	1383	3067	3258	
Time-12	2	2	1	1	1581	21	44	5	651	3966	5	5	2568	1582	3966	1	1	4834	2837	1469	2980	1581	1563	1939	6	1582	1563	2675	3476	
Time-13	C-61.0	C-61.0	C-61.0	C-61.0	C-61.0	C-61.0	C-61.0	C-61.0	C-61.0	C-1.0	C-66.0	C-1.0	C-1.0	C-1.0	C-1.0	C-2.0	C-66.0	C-240.0	C-240.0	C-1.0	C-240.0	C-77.0	C-77.0	C-1.0	C-3.0	C-77.0	C-77.0	C-240.0	C-240.0	
Time-14	3	3	3	10	2	3	2	3	2	4979	2	2	4204	1292	6313	4913	8	6949	2846	3435	3521	2041	2082	4108	2	1976	2082	2750	6948	
Time-15	2	2	2	2	2	1	1	2	2	170	2	105	106	2	171	170	2	72	71	105	71	6	6	105	104	6	6	70	71	
Time-16	C-1.0	C-1.0	C-1.0	C-1.0	C-1.0	C-1.0	C-1.0	C-1.0	C-1.0	C-1.0	C-1.0	C-1.0	C-1.0	C-1.0	C-1.0	C-1.0	C-1.0	C-128.0	C-117.0	C-1.0	C-123.0	C-114.0	C-156.0	C-1.0	C-1.0	C-114.0	C-156.0	C-117.0	C-126.0	
Time-17	1	1	1	1	1	1	1	1	1	2920	1	1104	1273	1	3611	2920	1	3964	2867	1104	2867	1051	1049	1104	1	1051	1049	2698	2867	
Time-18	5	5	5	5	312	5	5	5	5	19	4	2145	2144	865	19	20	4	2201	2191	2145	2191	1143	1143	2145	2114	1143	1143	2165	2191	
Time-19	173	173	173	173	392	173	173	173	173	4939	977	5019	5019	476	4459	4939	977	655	655	5019	655	735	516	5019	5019	735	516	655	655	
Time-20	C-3.0	C-3.0	C-3.0	C-3.0	C-20.0	C-3.0	C-3.0	C-3.0	C-3.0	C-1.0	C-3.0	C-1.0	C-1.0	C-2.0	C-1.0	C-1.0	C-3.0	C-104.0	C-102.0	C-1.0	C-102.0	C-60.0	C-46.0	C-1.0	C-1.0	C-60.0	C-46.0	C-101.0	C-102.0	
Time-21	0	0	0	0	0	0	0	0	0	0	0	0	0	0	0	0	0	0	0	0	0	0	0	0	0	0	0	0	0	
Time-22	1164	235	109	100	1169	1108	17	1164	939	3290	1174	3480	2715	1285	3409	3290	1175	1116	1925	2705	1925	1340	357	2705	3514	1340	358	1915	1150	
Time-23	65	87	69	255	7	64	254	65	85	1443	196	193	1440	69	1395	1443	197	1332	86	1115	405	81	263	1437	193	81	266	86	1332	
Time-24	4587	4587	4587	4587	2965	5105	4587	5105	5105	2653	5106	1926	510	5105	2653	2670	5106	5498	6961	516	6958	4266	5364	510	1973	5105	5364	6961	5546	
Time-25	C-80.0	C-85.0	C-74.0	C-25.0	C-11.0	C-76.0	C-73.0	C-80.0	C-56.0	C-1.0	C-10.0	C-2.0	C-1.0	C-1.0	C-1.0	C-5.0	C-17.0	C-36.0	C-63.0	C-1.0	C-67.0	C-61.0	C-4.0	C-1.0	C-2.0	C-61.0	C-4.0	C-63.0	C-32.0	
Time-26	C-115.0	C-91.0	C-4.0	C-4.0	C-11.0	C-138.0	C-114.0	C-115.0	C-110.0	C-1.0	C-11.0	C-2.0	C-1.0	C-1.0	C-1.0	C-7.0	C-7.0	C-67.0	C-51.0	C-1.0	C-67.0	C-46.0	C-4.0	C-1.0	C-2.0	C-46.0	C-4.0	C-46.0	C-67.0	
Mockito-1	2	2	3	3	2	2373	2373	2	2	2104	2	2	2250	280	2802	2	13	2935	688	135	2859	2935	1229	2248	2	833	1239	686	2935	
Mockito-2	3	3	6	10	3	3	3	3	3	1268	3	361	665	27	1486	1259	8	1500	887	546	960	244	293	617	3	237	297	840	1141	
Mockito-3	1	1	3	11	1	1	1	1	1	1632	1	1	1462	1	2281	1616	3	2497	1040	959	1441	868	967	1437	1	845	969	1025	2497	
Mockito-4	5	5	5	5	635	5	5	5	10	1546	2	116	469	656	1632	5	2	1401	1323	63	1360	755	718	63	5	754	716	1301	1394	
Mockito-5	1433	1433	1433	1433	804	2425	1427	2421	2421	2151	2421	544	535	2421	2151	2161	2421	3794	3794	544	3794	1412	1475	544	544	2421	2247	3803	3794	
Mockito-6	1	1	11	11	884	2	2	1	384	1181	1	2	273	888	1181	1	11	1420	1414	282	1424	892	21	282	47	892	21	1396	1416	
Mockito-7	C-8.0	C-8.0	C-8.0	C-8.0	C-41.0	C-8.0	C-8.0	C-8.0	C-11.0	C-1.0	C-13.0	C-1.0	C-1.0	C-2.0	C-1.0	C-3.0	C-13.0	C-251.0	C-250.0	C-1.0	C-249.0	C-106.0	C-101.0	C-1.0	C-3.0	C-106.0	C-100.0	C-248.0	C-249.0	
Mockito-8	C-1.0	C-1.0	C-1.0	C-1.0	C-1.0	C-1.0	C-1.0	C-1.0	C-1.0	C-1.0	C-1.0	C-1.0	C-1.0	C-1.0	C-1.0	C-1.0	C-1.0	C-6.0	C-6.0	C-1.0	C-6.0	C-2.0	C-2.0	C-1.0	C-1.0	C-2.0	C-2.0	C-6.0	C-6.0	
Mockito-9	32	32	38	38	281	32	17	32	8	1757	68	1241	1297	503	1986	1757	68	1161	1096	1277	1099	619	610	1280	1215	619	610	1079	1135	
Mockito-10	27	28	28	28	282	27	28	27	29	1285	65	914	923	515	1517	1284	65	975	952	914	952	586	549	914	893	581	549	936	952	
Mockito-11	1	1	1	1	249	1	1	1	1	467	1	41	41	265	468	467	1	957	732	41	770	352	352	41	1	352	352	683	919	
Mockito-12	0	0	0	0	0	0	0	0	0	0	0	0	0	0	0	0	0	0	0	0	0	0	0	0	0	0	0	0	0	
Mockito-13	0	0	0	0	0	0	0	0	0	0	0	0	0	0	0	0	0	0	0	0	0	0	0	0	0	0	0	0	0	
Mockito-14	0	0	0	0	0	0	0	0	0	0	0	0	0	0	0	0	0	0	0	0	0	0	0	0	0	0	0	0	0	
Mockito-15	0	0	0	0	0	0	0	0	0	0	0	0	0	0	0	0	0	0	0	0	0	0	0	0	0	0	0	0	0	
Mockito-16	0	0	0	0	0	0	0	0	0	0	0	0	0	0	0	0	0	0	0	0	0	0	0	0	0	0	0	0	0	
Mockito-17	0	0	0	0	0	0	0	0	0	0	0	0	0	0	0	0	0	0	0	0	0	0	0	0	0	0	0	0	0	
Mockito-18	14	14	14	14	14	14	14	14	14	1070	275	1006	1006	141	912	1070	275	98	98	1006	98	36	35	1006	1006	36	35	98	98	
Mockito-19	19	19	19	19	15	19	19	19	19	1034	18	698	715	599	1614	1034	18	985	988	698	988	780	775	698	675	780	775	986	988	
Mockito-20	129	246	166	307	66	129	555	129	244	972	484	153	158	249	986	977	494	573	342	149	433	66	481	160	230	66	477	320	533	
Mockito-21	1	1	1	1	37	1	1	1	1	753	5	166	252	175	889	1	1	998	777	166	777	247	247	166	1	247	247	731	777	
Mockito-22	0	0	0	0	0	0	0	0	0	0	0	0	0	0	0	0	0	0	0	0	0	0	0	0	0	0	0	0	0	
Mockito-23	0	0	0	0	0	0	0	0	0	0	0	0	0	0	0	0	0	0	0	0	0	0	0	0	0	0	0	0	0	
Mockito-24	0	0	0	0	0	0	0	0	0	0	0	0	0	0	0	0	0	0	0	0	0	0	0	0	0	0	0	0	0	
Mockito-25	0	0	0	0	0	0	0	0	0	0	0	0	0	0	0	0	0	0	0	0	0	0	0	0	0	0	0	0	0	
Mockito-26	0	0	0	0	0	0	0	0	0	0	0	0	0	0	0	0	0	0	0	0	0	0	0	0	0	0	0	0	0	
Mockito-27	0	0	0	0	0	0	0	0	0	0	0	0	0	0	0	0	0	0	0	0	0	0	0	0	0	0	0	0	0	
Mockito-28	0	0	0	0	0	0	0	0	0	0	0	0	0	0	0	0	0	0	0	0	0	0	0	0	0	0	0	0	0	
Mockito-29	0	0	0	0	0	0	0	0	0	0	0	0	0	0	0	0	0	0	0	0	0	0	0	0	0	0	0	0	0	
Mockito-30	0	0	0	0	0	0	0	0	0	0	0	0	0	0	0	0	0	0	0	0	0	0	0	0	0	0	0	0	0	
Mockito-31	0	0	0	0	0	0	0	0	0	0	0	0	0	0	0	0	0	0	0	0	0	0	0	0	0	0	0	0	0	
Mockito-32	0	0	0	0	0	0	0	0	0	0	0	0	0	0	0	0	0	0	0	0	0	0	0	0	0	0	0	0	0	
Mockito-33	0	0	0	0	0	0	0	0	0	0	0	0	0	0	0	0	0	0	0	0	0	0	0	0	0	0	0	0	0	
Mockito-34	0	0	0	0	0	0	0	0	0	0	0	0	0	0	0	0	0	0	0	0	0	0	0	0	0	0	0	0	0	
Mockito-35	0	0	0	0	0	0	0	0	0	0	0	0	0	0	0	0	0	0	0	0	0	0	0	0	0	0	0	0	0	
Mockito-36	0	0	0	0	0	0	0	0	0	0	0	0	0	0	0	0	0	0	0	0	0	0	0	0	0	0	0	0	0	
Mockito-37	0	0	0	0	0	0	0	0	0	0	0	0	0	0	0	0	0	0	0	0	0	0	0	0	0	0	0	0	0	
Mockito-38	0	0	0	0	0	0	0	0	0	0	0	0	0	0	0	0	0	0	0	0	0	0	0	0	0	0	0	0	0	
Math-1	6	6	1	1	356	8	18	6	345	2006	9	304	548	469	2125	1	2	2527	2235	301	2235	2529	532	301	8	526	523	1987	2232	
Math-2	1	1	1	1	1	1	1	1	1	1937	1	850	884	1	2016	1937	1	1238	1224	850	1224	133	134	850	836	133	134	1191	1224	
Math-3	C-1.0	C-1.0	C-1.0	C-1.0	C-1.0	C-1.0	C-1.0	C-1.0	C-1.0	C-1.0	C-1.0	C-1.0	C-1.0	C-1.0	C-1.0	C-1.0	C-1.0	C-3.0	C-3.0	C-1.0	C-3.0	C-1.0	C-1.0	C-1.0	C-1.0	C-1.0	C-1.0	C-3.0	C-3.0	
Math-4	C-1.0	C-1.0	C-1.0	C-1.0	C-9.0	C-1.0	C-8.0	C-1.0	C-8.0	C-1.0	C-1.0	C-2.0	C-2.0	C-2.0	C-1.0	C-1.0	C-1.0	C-179.0	C-182.0	C-2.0	C-182.0	C-48.0	C-45.0	C-2.0	C-2.0	C-48.0	C-44.0	C-182.0	C-182.0	
Math-5	1	1	1	1	1	152	152	1	1	211	2	1	77	1	227	1	2	229	228	3	228	229	20	3	1	19	20	153	227	
Math-6	634	649	585	478	49	551	75	634	45	4435	596	70	207	14	4435	4845	721	1242	125	208	581	174	333	203	70	157	328	125	1293	
Math-7	8	8	8	8	8	8	8	8	8	1097	9	390	390	646	1097	1097	9	1785	1746	390	1746	953	954	390	390	953	954	1726	1746	
Math-8	4	4	4	4	4	681	681	4	4	848	6	73	260	89	931	4	6	968	893	30	893	968	123	30	4	123	123	708	936	
Math-9	1	1	1	1	1	1479	1479	1	1	2040	1	1	437	1	2120	1	1	2151	2120	32	2120	2151	113	32	1	112	113	1716	2119	
Math-10	C-1.0	C-1.0	C-1.0	C-1.0	C-1.0	C-1.0	C-1.0	C-1.0	C-1.0	C-1.0	C-1.0	C-2.0	C-2.0	C-1.0	C-1.0	C-1.0	C-1.0	C-66.0	C-66.0	C-2.0	C-66.0	C-5.0	C-5.0	C-2.0	C-1.0	C-5.0	C-5.0	C-66.0	C-66.0	
Math-11	3	3	3	3	3	3	3	3	3	6449	8	2639	3484	378	6818	6449	8	7005	4376	2639	4376	566	562	2639	9	566	562	3531	4376	
Math-12	C-3.0	C-3.0	C-6.0	C-10.0	C-1.0	C-3.0	C-2.0	C-3.0	C-1.0	C-1.0	C-3.0	C-11.0	C-11.0	C-1.0	C-1.0	C-2.0	C-3.0	C-4.0	C-4.0	C-11.0	C-4.0	C-3.0	C-66.0	C-11.0	C-12.0	C-3.0	C-66.0	C-4.0	C-4.0	
Math-13	
Math-14	63	63	63	63	69	63	63	63	63	2946	61	5514	5507	131	2946	2946	61	961	952	5514	952	100	100	5514	5490	100	100	938	952	
Math-15	6	6	6	6	6	6	6	6	6	2074	6	1709	1712	529	2597	2074	6	1166	1154	1709	1154	789	789	1709	1697	789	789	1151	1154	
Math-16	5	5	1	1	702	5	629	5	690	135	5	1002	1002	702	135	135	5	1380	1336	1002	1336	702	74	1002	880	702	74	1308	1332	
Math-17	95	95	95	95	95	64	64	95	95	1173	678	1126	1172	199	709	1173	678	135	92	1126	92	46	34	1126	1083	46	34	47	92	
Math-18	C-1.0	C-1.0	C-1.0	C-1.0	C-1.0	C-1.0	C-1.0	C-1.0	C-1.0	C-1.0	C-1.0	C-1.0	C-1.0	C-1.0	C-1.0	C-1.0	C-1.0	C-260.0	C-257.0	C-1.0	C-257.0	C-128.0	C-128.0	C-1.0	C-1.0	C-128.0	C-128.0	C-255.0	C-257.0	
Math-19	C-1.0	C-1.0	C-1.0	C-1.0	C-1.0	C-1.0	C-1.0	C-1.0	C-1.0	C-1.0	C-1.0	C-1.0	C-1.0	C-1.0	C-1.0	C-1.0	C-1.0	C-180.0	C-177.0	C-1.0	C-177.0	C-32.0	C-32.0	C-1.0	C-1.0	C-32.0	C-32.0	C-175.0	C-177.0	
Math-20	C-1.0	C-1.0	C-1.0	C-1.0	C-1.0	C-1.0	C-1.0	C-1.0	C-1.0	C-1.0	C-1.0	C-1.0	C-1.0	C-1.0	C-1.0	C-1.0	C-1.0	C-261.0	C-258.0	C-1.0	C-258.0	C-125.0	C-125.0	C-1.0	C-1.0	C-125.0	C-125.0	C-256.0	C-258.0	
Math-21	2	2	4	7	2	2	2	2	2	5163	4	3	3683	103	5272	5163	4	5329	1846	3088	2241	165	175	3484	2	165	175	1646	5326	
Math-22	1	1	1	1	53	1	1	1	53	2015	1	1	363	204	2165	1	1	2302	2278	25	2278	2302	288	25	1	288	288	1940	2276	
Math-23	28	28	28	28	28	28	28	28	28	1527	27	745	734	228	1527	1527	27	1399	1262	745	1262	280	280	745	752	280	280	1182	1262	
Math-24	27	27	27	27	27	27	27	27	27	1513	30	745	733	223	1513	1517	30	1400	1290	745	1290	286	286	745	754	286	286	1244	1290	
Math-25	C-6.0	C-6.0	C-6.0	C-6.0	C-11.0	C-6.0	C-6.0	C-6.0	C-6.0	C-1.0	C-6.0	C-8.0	C-6.0	C-2.0	C-1.0	C-1.0	C-6.0	C-21.0	C-21.0	C-8.0	C-21.0	C-6.0	C-6.0	C-8.0	C-9.0	C-6.0	C-6.0	C-23.0	C-21.0	
Math-26	24	24	24	24	24	22	22	24	24	1933	32	1455	1472	320	2225	1933	32	876	855	1455	855	409	406	1455	1434	405	406	852	855	
Math-27	1	1	1	1	1	1	1	1	1	1879	1	284	511	1	1914	1	1	1944	1661	284	1661	1944	66	284	1	66	66	1434	1661	
Math-28	3	3	3	3	3	11	11	3	3	5513	4	2736	3275	278	5760	5513	4	2534	2337	2736	2337	392	393	2736	460	392	393	2186	2337	
Math-29	6	6	6	6	190	6	130	6	166	3185	2	6	1354	194	3187	6	2	3374	2023	832	2545	3375	193	832	6	196	184	1594	2544	
Math-30	9	9	9	9	9	9	9	9	9	2392	1	463	792	261	2611	9	1	2722	2271	463	2271	2718	334	463	10	333	334	1935	2271	
Math-31	109	109	146	146	30	108	177	109	30	1734	107	66	67	162	1734	1735	106	347	337	66	338	259	351	67	67	259	351	314	343	
Math-32	4	4	4	4	4	3066	3066	4	4	2509	6	326	1187	936	3438	4	6	3904	3575	154	3575	3904	1398	154	4	1398	1398	2717	3747	
Math-33	32	32	32	32	32	32	32	32	32	5357	22	3948	4044	278	5607	5357	22	1924	1795	3948	1795	384	383	3948	3821	384	383	1699	1795	
Math-34	3	3	3	3	3	3	3	3	3	158	1	57	100	21	176	3	1	188	134	57	134	188	31	57	3	31	31	87	134	
Math-35	3	3	3	3	3	3	3	3	3	501	1	15	141	3	508	501	1	465	368	94	365	2	4	117	3	2	4	364	387	
Math-36	2	2	2	2	355	2	2	2	37	285	1	85	129	355	286	2	1	385	385	85	385	356	320	85	2	355	320	380	385	
Math-37	13	13	11	11	256	13	76	13	208	1492	13	13	810	249	1488	11	11	1730	1243	388	1355	1732	253	500	13	251	251	933	1730	
Math-38	7	7	7	7	7	3466	1554	7	7	3340	6	154	151	192	3340	7	6	4684	4668	174	4668	1891	276	174	7	271	276	2948	4688	
Math-39	C-6.0	C-6.0	C-6.0	C-6.0	C-6.0	C-6.0	C-6.0	C-6.0	C-6.0	C-1.0	C-6.0	C-2.0	C-2.0	C-1.0	C-1.0	C-1.0	C-6.0	C-121.0	C-121.0	C-2.0	C-121.0	C-51.0	C-51.0	C-2.0	C-2.0	C-51.0	C-51.0	C-120.0	C-121.0	
Math-40	19	19	19	19	19	19	19	19	19	233	19	1000	997	138	233	234	19	997	995	1000	995	164	165	1000	990	164	165	903	995	
Math-41	5	5	5	5	6	5	5	5	5	1771	5	377	468	64	1827	1773	5	1861	1491	377	1491	96	93	377	5	96	93	1399	1491	
Math-42	26	26	26	26	26	26	26	26	26	5405	31	4080	4229	267	5645	5405	31	1835	1667	4080	1667	340	339	4080	3912	340	339	1517	1667	
Math-43	15	15	30	35	4	15	4	15	4	2112	18	1668	1844	141	2251	2114	24	709	477	1800	510	200	311	1840	1604	200	319	466	643	
Math-44	9	9	9	9	9	9	9	9	9	388	9	1132	1132	189	388	388	9	535	516	1132	516	355	354	1132	1101	355	354	517	516	
Math-45	2	2	2	2	2	2	2	2	2	1521	2	1048	1049	9	1522	1521	2	495	481	1048	481	10	8	1048	1036	10	8	481	481	
Math-46	1	2	2	2	1	1	1	1	1	1422	1	1	248	1	1422	2	2	2279	1649	249	1958	981	351	249	1	336	352	1328	2281	
Math-47	2	2	2	2	2	1	1	2	2	1401	2	2	248	9	1401	2	2	619	611	249	611	9	345	248	2	9	347	593	619	
Math-48	7	7	7	7	7	7	7	7	7	2431	7	1302	1417	497	2921	2431	7	2132	1867	1302	1867	738	739	1302	1038	738	739	1751	1867	
Math-49	4	4	4	4	4	4	4	4	4	1644	4	65	65	284	1644	4	4	2394	2339	65	2339	1296	419	65	4	418	419	1858	2339	
Math-50	1	1	1	1	1	2	2	1	1	2758	1	1	784	1	3021	1	1	2121	1853	58	1853	391	391	58	1	391	391	1737	1853	
Math-51	C-4.0	C-4.0	C-4.0	C-4.0	C-4.0	C-4.0	C-4.0	C-4.0	C-4.0	C-1.0	C-4.0	C-1.0	C-1.0	C-1.0	C-1.0	C-1.0	C-4.0	C-137.0	C-135.0	C-1.0	C-135.0	C-26.0	C-26.0	C-1.0	C-2.0	C-26.0	C-26.0	C-133.0	C-135.0	
Math-52	11	11	11	11	11	11	11	11	11	1497	11	388	388	270	1497	10	11	2313	2159	388	2159	1102	398	388	10	384	398	1713	2159	
Math-53	2	2	2	2	2	2	2	2	2	771	2	639	643	19	785	771	2	157	152	639	152	20	19	639	634	20	19	147	152	
Math-54	28	28	28	28	28	28	28	28	28	1509	28	149	149	455	1509	1509	28	1465	1410	149	1410	661	669	149	149	661	669	1376	1410	
Math-55	1	1	1	1	1	1	1	1	1	2019	1	633	766	1	2039	2019	1	1988	1422	633	1422	36	36	633	67	36	36	1289	1422	
Math-56	11	11	11	11	287	11	11	11	11	2174	1	92	688	321	2210	12	1	2497	2406	38	2406	2497	337	38	12	327	337	1807	2451	
Math-57	14	14	14	14	14	14	14	14	14	2256	7	764	1090	244	2484	2256	7	2600	1850	764	1850	359	361	764	14	359	361	1528	1850	
Math-58	31	31	31	31	31	31	31	31	31	1677	37	792	942	775	2419	1677	37	2372	2036	792	2036	1149	1148	792	462	1149	1148	1885	2036	
Math-59	2	2	2	2	2	2232	2232	2	2	1960	2	213	716	609	2567	2	2	2880	2880	99	2880	2880	921	99	2	922	921	2165	2777	
Math-60	996	996	996	996	557	1304	994	1333	1333	857	1333	82	82	1333	857	859	1333	1894	1906	79	1906	1012	1477	79	97	1333	1477	1911	1909	
Math-61	1	1	1	1	1	1739	1739	1	1	1708	1	1	525	1	2100	1	1	2303	2303	101	2303	2303	596	101	1	596	596	1779	2200	
Math-62	15	15	15	15	15	15	15	15	15	1795	2	630	796	309	2086	15	2	2236	1620	630	1620	2236	458	630	15	460	458	1455	1620	
Math-63	1	1	1	1	1	1189	1189	1	1	1765	1	1	653	1	1766	1	1	1768	1562	109	1562	1768	4	109	1	3	4	1127	1671	
Math-64	202	202	203	203	202	202	203	202	202	34	209	110	110	37	34	34	209	126	126	110	126	116	116	110	110	116	116	126	126	
Math-65	9	9	9	9	9	48	48	9	9	3246	5	307	1683	222	3458	9	5	586	575	152	575	351	351	152	9	351	351	575	575	
Math-66	72	72	76	76	26	27	26	72	26	657	54	26	78	3	657	77	78	1288	642	143	896	403	476	115	26	298	488	578	1292	
Math-67	22	22	22	22	22	575	503	22	22	186	23	63	57	292	185	22	23	536	531	3	531	423	425	3	22	427	425	479	590	
Math-68	127	127	128	128	127	127	127	127	127	97	127	189	185	2	98	97	127	77	72	185	77	70	66	185	313	70	67	83	77	
Math-69	4	4	4	4	4	3	3	4	4	3084	12	1687	2537	172	3252	3085	12	3323	906	2268	1059	243	242	2421	8	242	242	790	1640	
Math-70	1	1	1	1	1	126	126	1	1	153	1	1	56	1	179	1	1	182	182	2	182	182	30	2	1	30	30	127	180	
Math-71	1	1	1	1	277	1	1	1	263	615	1	1	196	415	753	1	1	1106	1074	29	1074	1106	492	29	1	492	492	911	1077	
Math-72	1	1	1	1	1	167	96	1	1	118	4	1	5	1	118	1	4	203	208	5	208	115	63	5	1	65	63	162	209	
Math-73	C-1.0	C-1.0	C-1.0	C-1.0	C-1.0	C-1.0	C-1.0	C-1.0	C-1.0	C-1.0	C-1.0	C-1.0	C-1.0	C-1.0	C-1.0	C-1.0	C-1.0	C-8.0	C-8.0	C-1.0	C-8.0	C-7.0	C-7.0	C-1.0	C-1.0	C-7.0	C-7.0	C-8.0	C-8.0	
Math-74	572	572	572	572	571	572	572	572	572	303	572	2804	2786	195	303	304	572	776	749	2804	749	520	520	2804	2805	520	520	748	749	
Math-75	1	1	1	1	1	108	108	1	1	80	2	1	69	1	107	1	2	130	129	2	129	130	53	2	1	53	53	62	121	
Math-76	17	17	17	18	17	17	17	17	17	816	13	1905	1901	318	816	819	13	1868	1409	1902	1509	476	275	1901	1914	476	275	1363	1611	
Math-77	2	2	2	2	3	2	2	2	3	4433	2	645	2669	73	4503	2	2	4545	3929	317	3929	4545	107	317	2	109	107	1874	4237	
Math-78	C-9.0	C-9.0	C-9.0	C-9.0	C-9.0	C-9.0	C-9.0	C-9.0	C-9.0	C-1.0	C-9.0	C-1.0	C-1.0	C-1.0	C-1.0	C-1.0	C-9.0	C-21.0	C-20.0	C-1.0	C-20.0	C-17.0	C-17.0	C-1.0	C-2.0	C-17.0	C-17.0	C-19.0	C-20.0	
Math-79	30	30	30	30	31	30	30	30	30	480	29	353	406	8	459	482	29	443	137	353	137	7	7	353	48	9	7	84	137	
Math-80	30	30	30	30	30	3162	3162	30	30	3833	19	351	2234	421	4224	30	19	4421	4087	179	4087	4421	617	179	19	605	617	2204	4246	
Math-81	6	6	6	6	6	6	6	6	6	641	8	1682	1682	31	641	641	8	513	448	1682	448	110	105	1682	6	110	105	394	448	
Math-82	29	29	29	29	29	29	29	29	29	1779	28	1442	1457	153	1902	1779	28	576	516	1442	516	175	181	1442	1383	175	181	502	516	
Math-83	10	10	10	10	10	10	10	10	10	1737	9	1365	1386	191	1898	1737	9	501	480	1365	480	151	151	1365	1327	151	151	443	480	
Math-84	26	31	25	25	104	48	91	26	104	106	38	79	84	130	138	131	30	222	191	55	191	117	120	55	26	140	109	168	173	
Math-85	42	42	42	42	41	36	36	42	42	396	45	257	256	90	442	397	45	225	209	257	209	61	70	257	241	61	70	214	209	
Math-86	19	19	36	41	25	19	24	19	25	696	19	56	56	51	696	696	19	630	365	56	376	159	176	56	56	156	176	343	435	
Math-87	106	106	106	106	106	106	106	106	106	1846	107	1563	1593	200	1941	1846	107	459	433	1563	433	150	151	1563	1537	150	151	403	433	
Math-88	1	1	1	1	1	1	1	1	1	1728	1	1161	1288	1	1897	1728	1	650	606	1161	606	253	251	1161	1	253	251	572	606	
Math-89	1	1	1	1	1	1	1	1	1	58	1	18	25	1	79	1	1	79	64	18	64	26	2	18	1	1	2	41	64	
Math-90	3	3	3	3	3	3	3	3	3	105	8	60	77	6	99	105	8	101	46	60	46	1	1	60	6	1	1	31	46	
Math-91	1	1	1	1	1	330	330	1	1	432	1	1	214	1	453	1	1	468	459	3	459	468	38	3	1	37	38	257	464	
Math-92	2	2	2	2	2	2	2	2	2	143	2	85	85	11	143	2	2	50	49	85	49	11	11	85	2	11	11	47	49	
Math-93	2	2	2	2	2	1	1	2	2	213	2	113	150	9	214	2	2	214	82	113	82	2	6	113	2	2	6	67	82	
Math-94	20	20	20	20	20	20	20	20	20	206	21	219	219	21	214	206	21	17	16	219	16	1	15	219	217	1	15	16	16	
Math-95	6	6	6	6	6	6	6	6	6	359	2	135	155	65	420	360	2	448	313	135	313	89	93	135	6	89	93	294	313	
Math-96	5	5	5	5	5	5	5	5	5	119	14	116	117	11	114	118	14	13	12	116	12	10	11	116	115	10	11	11	12	
Math-97	19	19	19	19	25	19	19	19	19	195	25	177	177	24	191	195	25	72	48	177	48	30	29	177	150	30	29	48	48	
Math-98	10	10	10	10	10	10	10	10	10	914	5	474	542	35	946	914	5	957	491	474	491	46	48	474	6	46	48	424	491	
Math-99	4	4	4	4	27	4	4	4	23	289	2	27	172	24	289	4	2	13	31	15	31	24	1	15	4	24	1	31	31	
Math-100	14	14	14	14	14	14	14	14	14	19	13	65	65	158	19	23	13	387	369	65	369	227	230	65	13	227	230	345	369	
Math-101	9	9	9	9	9	9	9	9	9	108	35	95	113	3	88	113	35	50	28	99	42	34	33	107	86	28	33	34	52	
Math-102	14	16	20	21	15	15	15	14	14	881	14	14	813	41	904	880	15	924	152	613	322	54	190	786	15	55	191	126	922	
Math-103	12	12	12	12	12	11	11	12	12	173	12	111	120	45	202	173	12	133	126	111	126	64	64	111	104	64	64	117	126	
Math-104	C-1.0	C-1.0	C-1.0	C-1.0	C-1.0	C-1.0	C-1.0	C-1.0	C-1.0	C-1.0	C-1.0	C-1.0	C-1.0	C-1.0	C-1.0	C-1.0	C-1.0	C-2.0	C-2.0	C-1.0	C-2.0	C-2.0	C-2.0	C-1.0	C-1.0	C-2.0	C-2.0	C-2.0	C-2.0	
Math-105	2	67	2	2	2	2	2	2	67	68	2	28	68	2	68	2	2	68	34	28	34	68	1	28	2	2	1	2	34	
Math-106	C-1.0	C-1.0	C-1.0	C-1.0	C-1.0	C-1.0	C-1.0	C-1.0	C-1.0	C-1.0	C-1.0	C-1.0	C-1.0	C-1.0	C-1.0	C-1.0	C-1.0	C-4.0	C-1.0	C-1.0	C-1.0	C-1.0	C-1.0	C-1.0	C-1.0	C-1.0	C-1.0	C-1.0	C-1.0	
