metrics:	ochiai	ochiai2	tarantula	barinel	opt	dstar	yaya	fo1	fo2	fo3	fo4	fo5	fo6	fo7	fo8	fo9	fo10	fo11	fo12	fo13	fo14	fo15	fo16	fo17	fo18	fo19	fo20	fo21	fo22	
Lang-6	C	C	C	C	C	C	C	C	C	C	C	C	C	0	C	C	C	C	C	C	C	16	0	0	C	C	0	C	C	
Lang-7	C	C	C	C	C	C	C	C	C	C	C	C	C	C	C	C	C	C	C	C	C	C	C	C	C	C	C	C	C	
Lang-8	C	C	C	C	C	C	C	C	C	C	C	C	C	C	C	C	C	C	C	C	C	C	C	C	C	C	C	C	C	
Lang-9	C	C	C	C	C	C	C	C	C	C	C	C	C	C	C	C	C	C	C	C	C	C	C	C	C	C	C	C	C	
Lang-10	C	C	C	C	C	C	C	C	C	C	C	C	C	C	C	C	C	C	C	C	C	C	C	C	C	C	C	C	C	
Chart-6	2	2	2	2	C	2	C	C	2	C	C	C	C	2	2	C	C	C	C	C	C	C	C	2	C	C	C	C	C	
Chart-7	0	0	0	0	0	0	0	0	0	0	0	0	0	0	0	0	0	0	0	0	0	0	0	0	0	0	0	0	0	
Chart-8	1	1	1	1	1	1	1	C	2	C	C	2	C	C	2	C	C	C	C	C	C	C	C	2	2	C	C	C	C	
Chart-9	C	C	C	C	C	C	C	C	C	C	C	C	C	C	C	C	C	C	C	C	C	C	C	C	C	C	C	C	C	
Chart-10	C	0	C	C	C	0	0	C	C	0	C	C	C	C	C	C	0	0	C	0	C	C	0	C	C	C	C	C	0	
Time-6	C	C	C	C	C	C	C	C	C	C	C	C	C	C	C	C	C	C	C	C	C	146	C	C	C	C	C	C	C	
Time-7	C	C	C	C	C	C	C	0	C	0	0	C	0	0	C	C	C	C	0	C	C	C	0	0	C	C	0	C	C	
Time-8	1	1	1	1	1	C	C	C	1	C	C	1	C	1	1	C	C	C	C	C	C	C	C	1	1	C	C	C	C	
Time-9	C	C	C	C	C	C	C	C	C	C	C	C	C	C	C	C	C	C	C	C	C	C	C	C	C	C	C	C	C	
Time-10	C	C	C	C	C	C	C	C	C	C	C	C	C	C	C	0	0	0	C	0	0	0	C	C	C	0	C	0	0	
Math-6	C	C	C	C	C	C	C	C	C	C	C	C	C	C	C	0	C	0	C	0	C	0	0	C	C	C	0	C	0	
Math-7	1	1	1	1	1	1	1	C	1	C	C	1	C	C	1	C	C	C	C	C	C	C	C	C	1	C	C	C	C	
Math-8	C	C	C	C	C	C	C	C	C	C	C	C	C	C	C	C	C	C	C	C	C	C	C	C	C	C	C	C	C	
Math-9	1	1	1	1	1	C	C	C	1	C	C	1	C	1	1	0	0	0	C	0	C	0	C	1	1	C	C	0	0	
Math-10	C	C	C	C	C	C	C	C	C	C	C	C	C	C	C	C	C	C	C	C	C	C	C	C	C	C	C	C	C	
Mockito-6	C	C	C	C	C	C	C	C	C	C	C	C	C	C	C	0	0	0	C	0	C	0	C	C	C	C	C	0	0	
Mockito-7	C	C	C	C	C	C	C	C	C	C	C	C	C	C	C	0	0	0	C	0	0	C	C	C	C	0	C	0	0	
Mockito-8	C	C	C	C	C	C	C	C	C	C	C	C	C	C	C	C	C	C	C	C	C	C	C	C	C	C	C	C	C	
Mockito-9	C	C	C	C	C	C	C	0	C	0	0	C	0	0	C	0	0	0	0	0	C	0	0	0	C	C	0	0	0	
Mockito-10	C	C	C	C	C	C	C	C	C	C	C	C	C	C	C	0	0	0	C	0	C	C	C	C	C	C	C	0	0	
