metrics:	ochiai	ochiai2	tarantula	barinel	opt	dstar	yaya	fo1	fo2	fo3	fo4	fo5	fo6	fo7	fo8	fo9	fo10	fo11	fo12	fo13	fo14	fo15	fo16	fo17	fo18	fo19	fo20	fo21	fo22	
Lang-11	C	C	C	C	C	C	C	C	C	C	C	C	C	C	C	C	C	C	C	C	C	C	C	C	C	C	C	C	C	
Lang-12	1	1	1	1	1	1	1	C	1	1	C	1	C	1	1	C	C	C	C	C	C	C	C	1	1	C	C	C	C	
Lang-13	C	C	C	C	C	C	C	C	C	C	C	C	C	C	C	C	C	C	C	C	C	C	C	C	C	C	C	C	C	
Lang-14	C	C	C	C	C	C	C	C	C	C	C	C	C	C	C	C	C	C	C	C	C	C	C	C	C	C	C	C	C	
Lang-15	C	C	C	C	C	C	C	C	C	C	C	C	C	C	C	0	C	0	C	0	C	0	0	C	C	C	0	C	0	
Chart-11	C	C	C	C	C	C	C	C	C	C	C	C	C	C	C	C	C	C	C	C	C	C	C	C	C	C	C	C	C	
Chart-12	C	C	C	C	C	C	C	0	C	0	0	C	0	C	C	0	0	0	0	0	0	0	0	C	C	0	0	0	0	
Chart-13	C	C	C	C	C	C	C	C	C	C	C	C	C	C	C	C	C	C	C	C	C	C	C	C	C	C	C	C	C	
Chart-14	C	C	C	C	C	C	C	0	C	0	0	C	0	C	C	0	0	0	0	0	C	C	C	C	C	C	C	0	0	
Chart-15	C	C	C	C	C	C	C	0	C	0	0	C	0	C	C	0	0	0	0	0	0	0	0	C	C	0	0	0	0	
Time-11	C	C	C	C	C	C	C	C	C	C	C	C	C	C	C	0	0	0	C	0	0	0	C	C	C	0	C	0	0	
Time-12	2	2	1	1	0	C	C	C	C	C	C	0	C	1	1	0	0	0	C	0	0	C	C	C	0	0	C	0	0	
Time-13	C	C	C	C	C	C	C	C	C	C	C	C	C	C	C	0	0	0	C	0	0	0	C	C	C	0	C	0	0	
Time-14	2	2	2	6	1	2	1	C	2	1	C	1	C	305	2	C	C	C	C	C	C	C	304	1	1	C	304	C	C	
Time-15	1	1	1	1	1	1	1	C	1	C	C	1	C	1	1	C	C	C	C	C	1	C	C	1	1	1	C	C	C	
Math-11	C	C	C	C	C	C	C	C	C	C	C	C	C	0	C	0	0	0	C	0	0	0	0	C	C	0	0	0	0	
Math-12	C	C	C	C	C	C	C	0	C	0	0	C	0	0	C	C	C	C	0	C	C	C	0	0	C	C	0	C	C	
Math-13	0	0	0	0	0	0	0	0	0	0	0	0	0	0	0	0	0	0	0	0	0	0	0	0	0	0	0	0	0	
Math-14	0	0	0	0	0	0	0	0	0	0	0	0	0	0	0	0	0	0	0	0	0	0	0	0	0	0	0	0	0	
Math-15	C	C	C	C	C	C	C	C	C	C	C	C	C	C	C	C	C	C	C	C	C	C	C	C	C	C	C	C	C	
Mockito-11	1	1	1	1	37	1	1	C	1	C	C	37	C	C	1	C	C	C	C	C	C	C	188	1	37	C	C	C	C	
Mockito-12	0	0	0	0	0	0	0	0	0	0	0	0	0	0	0	0	0	0	0	0	0	0	0	0	0	0	0	0	0	
Mockito-13	0	0	0	0	0	0	0	0	0	0	0	0	0	0	0	0	0	0	0	0	0	0	0	0	0	0	0	0	0	
Mockito-14	0	0	0	0	0	0	0	0	0	0	0	0	0	0	0	0	0	0	0	0	0	0	0	0	0	0	0	0	0	
Mockito-15	0	0	0	0	0	0	0	0	0	0	0	0	0	0	0	0	0	0	0	0	0	0	0	0	0	0	0	0	0	
