Lang-1	C	C	C	C	C	C	C	C	C	C	C	C	C	C	C	C	C	C	C	C	C	C	C	C	C	C	C	C	C	
Lang-2	0	0	0	0	0	0	0	0	0	0	0	0	0	0	0	0	0	0	0	0	0	0	0	0	0	0	0	0	0	
Lang-3	C	C	C	C	C	C	C	C	C	C	C	C	C	C	C	C	C	C	C	C	C	C	C	C	C	C	C	C	C	
Lang-4	C	C	C	C	C	C	C	C	C	C	C	C	C	C	C	C	C	C	C	C	C	C	C	C	C	C	C	C	C	
Lang-5	1	1	1	1	1	1	1	C	C	C	C	C	C	C	C	1	C	C	C	C	C	1	C	C	C	C	C	C	C	
Chart-1	C	C	C	C	C	C	C	0	C	0	0	C	0	C	C	C	C	C	0	C	C	C	C	C	C	C	C	C	C	
Chart-2	C	C	C	C	C	C	C	C	C	C	C	C	C	C	C	C	C	C	C	C	C	C	C	C	C	C	C	C	C	
Chart-3	C	C	C	C	C	C	C	C	C	C	C	C	C	C	C	C	C	C	C	C	C	C	C	C	C	C	C	C	C	
Chart-4	C	C	C	C	C	C	C	0	C	C	0	C	0	C	C	0	C	0	C	0	0	0	0	C	C	0	0	C	0	
Chart-5	C	C	C	C	C	C	C	C	C	C	C	C	C	C	C	C	C	C	C	C	C	C	C	C	C	C	C	C	C	
Time-1	1	1	1	1	1	C	C	454	1	454	454	1	454	1	1	0	0	0	454	0	0	0	C	1	1	0	C	0	0	
Time-2	C	C	C	C	C	C	C	0	C	0	0	C	0	C	C	0	0	0	0	0	0	C	C	C	C	0	C	0	0	
Time-3	C	C	C	1	C	C	C	0	C	C	0	C	0	C	C	0	0	0	0	0	0	C	C	C	C	0	C	0	0	
Time-4	C	C	C	C	C	C	C	0	C	0	0	C	0	0	C	0	0	0	0	0	0	0	0	0	C	0	0	0	0	
Time-5	2	2	2	2	2	2	2	0	2	0	0	2	0	C	2	0	0	0	0	0	0	0	C	2	2	0	C	0	0	
Math-1	4	4	1	1	356	4	14	C	4	C	C	356	C	1	1	0	0	0	C	0	C	0	C	4	356	C	C	0	0	
Math-2	1	1	1	1	1	1	1	C	1	C	C	1	C	C	1	0	0	0	C	0	C	0	C	C	1	C	C	0	0	
Math-3	C	C	C	C	C	C	C	C	C	C	C	C	C	C	C	C	C	C	C	C	C	C	C	C	C	C	C	C	C	
Math-4	C	C	C	C	C	C	C	0	C	0	0	C	0	C	C	0	0	0	0	0	C	0	C	C	C	C	C	0	0	
Math-5	1	1	1	1	1	1	1	C	1	C	C	1	C	1	1	C	C	C	C	C	C	C	C	1	1	C	C	C	C	
Mockito-1	1	1	2	2	1	C	C	C	1	1	C	1	C	1	12	12	C	C	1	C	C	C	C	1	1	C	C	C	12	
Mockito-2	C	C	C	C	C	C	C	C	C	C	C	C	C	C	C	0	0	0	C	0	239	0	C	C	C	92	C	0	0	
Mockito-3	1	1	1	2	1	1	1	C	1	1	C	1	C	C	1	49	C	C	C	C	C	2	C	1	1	C	C	C	60	
Mockito-4	C	C	C	C	C	C	C	C	C	C	C	C	C	C	C	0	0	0	C	0	0	C	C	C	C	0	C	0	0	
Mockito-5	0	0	0	0	352	0	0	C	352	C	C	0	C	282	352	0	0	0	C	0	0	0	273	282	0	0	273	0	0	
