metrics:	ochiai	ochiai2	tarantula	barinel	opt	dstar	yaya	fo1	fo2	fo3	fo4	fo5	fo6	fo7	fo8	fo9	fo10	fo11	fo12	fo13	fo14	fo15	fo16	fo17	fo18	fo19	fo20	fo21	fo22	
Lang-16	1	1	1	1	1	1	1	C	1	C	C	1	C	1	1	C	C	C	C	C	C	C	C	1	1	C	C	C	C	
Lang-17	C	C	C	C	C	C	C	C	C	C	C	C	C	0	C	C	C	C	C	C	C	1	0	0	C	C	0	C	C	
Lang-18	1	1	1	1	1	C	C	C	1	C	C	1	C	1	1	C	C	C	C	C	C	C	C	1	1	C	C	C	C	
Lang-19	1	1	C	C	1	1	1	C	2	C	C	2	C	C	C	C	C	C	C	C	C	C	C	2	2	C	C	C	C	
Lang-20	C	C	C	C	C	C	C	C	C	C	C	C	C	C	C	C	C	C	C	C	C	C	C	C	C	C	C	C	C	
Chart-16	1	1	C	C	1	1	1	C	1	1	C	1	C	1	C	C	C	C	C	C	C	C	C	1	1	C	C	C	C	
Chart-17	C	C	C	C	C	C	C	C	C	C	C	C	C	C	C	C	C	C	C	C	C	C	C	C	C	C	C	C	C	
Chart-18	1	1	C	C	1	C	C	C	1	1	C	1	C	1	4	C	C	C	1	C	C	C	C	1	1	C	C	C	C	
Chart-19	1	1	1	1	C	1	2	0	1	0	0	C	0	1	1	0	0	0	0	0	0	C	C	1	C	0	C	0	0	
Chart-20	C	C	C	C	C	C	C	C	C	C	C	C	C	C	C	88	88	88	C	88	71	C	C	C	C	71	C	88	88	
Time-16	C	C	C	C	C	C	C	0	C	C	0	C	0	C	C	C	C	C	0	C	C	C	C	C	C	C	C	C	C	
Time-17	1	1	1	1	1	1	1	C	1	C	C	1	C	C	1	C	C	C	C	C	C	C	C	1	1	C	C	C	C	
Time-18	C	C	C	C	C	C	C	C	C	C	C	C	C	C	C	C	C	C	C	C	C	C	C	C	C	C	C	C	C	
Time-19	173	173	173	173	C	173	173	C	C	C	C	C	C	C	C	C	C	C	C	C	C	C	C	C	C	C	C	C	C	
Time-20	C	C	C	C	C	C	C	0	C	0	0	C	0	C	C	C	C	C	0	C	C	C	C	C	C	C	C	C	C	
Math-16	C	C	C	C	C	C	C	C	C	C	C	C	C	C	C	C	C	C	C	C	C	C	C	C	C	C	C	C	C	
Math-17	C	C	C	C	C	C	C	C	C	C	C	C	C	C	C	C	C	C	C	C	C	C	C	C	C	C	C	C	C	
Math-18	C	C	C	C	C	C	C	C	C	C	C	C	C	C	C	0	0	0	C	0	0	0	0	C	C	0	0	0	0	
Math-19	C	C	C	C	C	C	C	C	C	C	C	C	C	C	C	0	0	0	C	0	C	0	C	C	C	C	C	0	0	
Math-20	C	C	C	C	C	C	C	C	C	C	C	C	C	C	C	0	0	0	C	0	0	0	0	C	C	0	0	0	0	
Mockito-16	0	0	0	0	0	0	0	0	0	0	0	0	0	0	0	0	0	0	0	0	0	0	0	0	0	0	0	0	0	
Mockito-17	0	0	0	0	0	0	0	0	0	0	0	0	0	0	0	0	0	0	0	0	0	0	0	0	0	0	0	0	0	
Mockito-18	C	C	C	C	C	C	C	81	C	81	81	C	81	1	C	C	C	C	81	C	C	C	1	1	C	C	1	C	C	
Mockito-19	80	80	80	80	80	80	80	C	80	C	C	80	C	C	80	0	0	0	C	0	C	0	C	C	80	C	C	0	0	
Mockito-20	C	C	C	C	C	C	C	C	C	C	C	C	C	C	C	C	C	C	C	C	C	C	C	C	C	C	C	C	C	
